{"cameraMode":{"drawMode":0,"name":"Shaded","section":"Shading Mode"},"sceneLighting":false,"audioPlay":false,"sceneViewState":{"showFog":true,"showMaterialUpdate":true,"showSkybox":true,"showFlares":true,"showImageEffects":true,"showParticleSystems":true},"in2DMode":false,"pivot":{"x":6.559926509857178,"y":8.97050666809082,"z":5.328330993652344},"rotation":{"x":-0.13398531079292298,"y":-0.010992354713380337,"z":0.0014844025718048215,"w":-0.9909212589263916},"size":74.46600341796875,"orthographic":false}